latitude,longitude,elevation
51.24877,3.28378,3
51.24843,3.28415,3
51.2484,3.2842,3
51.24843,3.28435,3
51.24847,3.28442,3
51.24862,3.28444,3
51.24873,3.28457,3
51.24882,3.28519,2
51.24914,3.28658,2
51.24924,3.28673,2
51.24931,3.2868,2
51.24944,3.28684,2
51.2495,3.28682,2
51.24961,3.28675,3
51.25006,3.28648,2
51.25081,3.28599,3
51.25102,3.28589,3
51.25116,3.28592,3
51.2517,3.28624,3
51.25229,3.28658,2
51.25245,3.28665,2
51.2526,3.2867,2
51.25276,3.28668,2
51.25311,3.28657,2
51.25333,3.28657,2
51.25349,3.28665,2
51.25349,3.28665,2
51.2534,3.28743,1
51.25343,3.28784,1
51.25341,3.28804,1
51.25333,3.28823,1
51.25317,3.28836,1
51.25299,3.28843,1
51.25284,3.28841,1
51.25222,3.28791,1
51.25212,3.28787,1
51.25204,3.28789,1
51.25194,3.288,1
51.2516,3.28888,0
51.25122,3.28963,0
51.25047,3.29095,1
51.24916,3.29347,0
51.2489,3.29413,0
51.24839,3.29563,0
51.24829,3.29602,0
51.24822,3.2964,0
51.24815,3.29669,0
51.24802,3.29713,0
51.24803,3.29727,0
51.24912,3.29968,0
51.2495,3.30026,0
51.24985,3.30092,1
51.25023,3.30171,0
51.25062,3.30284,0
51.2513,3.30473,0
51.25152,3.30573,0
51.25159,3.30634,0
51.25164,3.30702,0
51.25168,3.30733,0
51.252,3.30858,0
51.25206,3.30896,0
51.25208,3.30927,0
51.25207,3.31011,0
51.25245,3.31113,0
51.25287,3.3124,0
51.25299,3.31286,0
51.25324,3.31409,1
51.25328,3.3149,1
51.25326,3.31526,1
51.25317,3.31567,0
51.25236,3.31727,0
51.25202,3.31809,0
51.25191,3.31845,0
51.2518,3.31909,0
51.25178,3.31917,0
51.25172,3.31924,0
51.25163,3.31925,0
51.25167,3.31963,0
51.25178,3.31981,0
51.2519,3.31991,0
51.25204,3.31998,0
51.25248,3.32029,0
51.25294,3.32046,0
51.25313,3.32059,0
51.25329,3.32078,0
51.25518,3.32108,0
51.25577,3.32127,2
51.25595,3.3213,2
51.2561,3.32129,4
51.25627,3.32122,4
51.25648,3.32124,5
51.25659,3.32121,5
51.25673,3.32097,5
51.25679,3.32094,5
51.25544,3.32496,4
51.25367,3.33027,4
51.25202,3.33515,6
51.25101,3.33818,6
51.25086,3.33842,6
51.25083,3.33861,6
51.25051,3.33959,5
51.25051,3.33959,5
51.25044,3.33985,4
51.24906,3.34395,4
51.24693,3.35035,7
51.24554,3.35447,9
51.24543,3.35472,8
51.24444,3.35782,8
51.24404,3.35926,9
51.24368,3.36073,8
51.24324,3.3629,9
51.24292,3.36513,6
51.24275,3.36736,4
51.24266,3.36932,4
51.24258,3.36945,4
51.24223,3.36994,6
51.2418,3.37042,3
51.2414,3.37093,2
51.23528,3.37908,0
51.23519,3.37925,0
51.23517,3.37935,0
51.23517,3.37944,0
51.23541,3.38059,1
51.23531,3.38064,1
51.23238,3.38314,3
51.23216,3.38317,3
51.23216,3.38317,3
51.23214,3.38303,3
51.23155,3.38363,2
51.22797,3.38713,0
51.2243,3.39075,0
51.2242,3.39084,0
51.22411,3.3908,1
51.22352,3.39225,1
51.22346,3.39274,1
51.22366,3.39436,1
51.22377,3.39677,2
51.22193,3.39633,1
51.22187,3.39638,1
51.22176,3.39655,1
51.22165,3.3968,1
51.22156,3.39684,1
51.22122,3.39664,1
51.22075,3.39646,2
51.2205,3.39615,2
51.22002,3.39613,1
51.21331,3.39651,8
51.21298,3.3981,9
51.20608,3.39559,11
51.20608,3.3957,11
51.20545,3.39538,10
51.20487,3.395,10
51.2043,3.39496,10
51.20182,3.3941,10
51.20163,3.39394,10
51.20143,3.39365,10
51.20131,3.39353,10
51.20076,3.39325,11
51.19919,3.39331,11
51.19929,3.39094,10
51.19928,3.39078,10
51.1992,3.39072,10
51.19764,3.39061,10
51.19819,3.38503,12
51.1973,3.38123,12
51.19712,3.38009,13
51.1971,3.37966,12
51.19712,3.37952,12
51.19688,3.37714,11
51.19703,3.37549,11
51.19716,3.37447,11
51.19744,3.37429,11
51.19749,3.37417,11
51.19664,3.36551,12
51.19647,3.36357,11
51.19625,3.36278,11
51.19613,3.36218,12
51.19596,3.36182,12
51.1953,3.35955,11
51.19522,3.35933,10
51.19483,3.3587,10
51.19468,3.35856,10
51.19378,3.35855,10
51.19375,3.35847,10
51.19378,3.35638,8
51.19389,3.35346,9
51.19177,3.35316,8
51.19171,3.35321,8
51.19167,3.35332,8
51.19152,3.35413,8
51.19149,3.35425,8
51.19022,3.35562,8
51.18991,3.35616,8
51.18979,3.35631,8
51.18845,3.35771,9
51.18707,3.35933,10
51.18638,3.3602,10
51.1858,3.36111,12
51.1858,3.36111,12
51.1839,3.36592,12
51.1817,3.37103,10
51.18037,3.37428,10
51.17976,3.37782,10
51.17692,3.38052,14
51.17645,3.38262,18
51.17605,3.38422,19
51.17561,3.38586,16
51.17544,3.38621,16
51.17408,3.38855,15
51.174,3.3888,15
51.17397,3.38909,15
51.17371,3.38957,14
51.17346,3.38984,12
51.1728,3.39006,12
51.17269,3.39013,11
51.17212,3.39066,10
51.17205,3.39036,11
51.17201,3.39032,11
51.1712,3.39079,11
51.1711,3.3904,11
51.17106,3.39037,11
51.1707,3.39088,12
51.1706,3.39087,12
51.16973,3.39221,12
51.16856,3.39442,13
51.17061,3.39763,12
51.1698,3.39825,11
51.1698,3.39825,11
51.16748,3.40001,10
51.16668,3.40063,12
51.16613,3.40108,12
51.16356,3.4033,12
51.16227,3.40442,14
51.15967,3.40672,13
51.15813,3.40459,12
51.15806,3.40451,12
51.15795,3.40445,12
51.15615,3.40352,11
51.15607,3.40351,11
51.15603,3.40353,11
51.15593,3.40342,11
51.15431,3.40112,10
51.15371,3.4001,10
51.15333,3.3996,10
51.15312,3.39931,10
51.15158,3.39739,9
51.15134,3.3971,9
51.15026,3.39595,9
51.1499,3.39569,9
51.14957,3.39554,10
51.14922,3.39526,11
51.14893,3.39494,11
51.14774,3.39355,12
51.14774,3.39355,12
51.14704,3.39476,11
51.14652,3.39378,12
51.14599,3.39181,11
51.14558,3.39056,11
51.14492,3.38881,11
51.14481,3.38857,12
51.14466,3.38836,11
51.14423,3.38785,11
51.14404,3.38752,11
51.14346,3.38785,11
51.14303,3.38815,10
51.14285,3.3884,10
51.1427,3.38857,10
51.14241,3.38873,9
51.1419,3.38892,9
51.14172,3.38897,9
51.14039,3.38911,9
51.14003,3.38922,9
51.13962,3.38939,9
51.13894,3.38949,8
51.13836,3.38953,8
51.13801,3.38951,8
51.13569,3.38865,8
51.13514,3.38829,8
51.13311,3.38677,9
51.13305,3.38662,9
51.13226,3.38512,6
51.13164,3.38358,7
51.13162,3.38342,6
51.13167,3.38332,7
51.1318,3.38316,7
51.13186,3.38304,7
51.13192,3.38282,7
51.13194,3.38258,7
51.13187,3.38089,8
51.13187,3.38057,8
51.13195,3.3798,8
51.13199,3.37944,8
51.13214,3.37881,8
51.13239,3.37794,8
51.13261,3.37699,9
51.13275,3.37626,9
51.13288,3.37494,9
51.13288,3.37444,9
51.13286,3.37368,9
51.13288,3.37354,9
51.13116,3.37135,9
51.13085,3.37091,9
51.13076,3.37088,9
51.13062,3.37094,8
51.1298,3.37119,9
51.12979,3.37094,8
51.12974,3.37088,8
51.12971,3.37079,9
51.12968,3.37073,9
51.12961,3.37089,9
51.12903,3.37183,9
51.12837,3.37272,10
51.12793,3.37326,10
51.12725,3.37407,9
51.12651,3.37493,8
51.12608,3.3754,8
51.12604,3.37552,8
51.1261,3.3757,7
51.12657,3.37508,8
51.12668,3.37527,8
51.12662,3.37545,8
51.12655,3.37552,8
51.12652,3.37543,8
51.12583,3.37368,9
51.12591,3.3736,9
51.12602,3.37388,9
51.12604,3.37385,9
51.12614,3.37373,9
51.12653,3.37323,9
51.12713,3.37253,10
51.12727,3.37231,10
51.12735,3.37215,10
51.12739,3.3719,11
51.12744,3.37113,11
51.12744,3.37113,11
51.12744,3.37113,11
51.12752,3.36971,12
51.12754,3.36941,12
51.12761,3.36842,11
51.12737,3.36842,12
51.12647,3.36856,12
51.12551,3.36873,12
51.12537,3.3687,12
51.12515,3.36859,12
51.12375,3.3677,11
51.12363,3.36766,11
51.12352,3.36764,11
51.122,3.36771,12
51.12165,3.36772,14
51.12026,3.36776,15
51.12001,3.36791,15
51.11962,3.36823,16
51.11919,3.36855,15
51.11886,3.36879,15
51.11865,3.36889,14
51.11851,3.36892,13
51.11545,3.36762,11
51.11532,3.36762,11
51.1151,3.36762,11
51.11457,3.36792,11
51.11437,3.36775,11
51.11424,3.36765,11
51.11418,3.36766,11
51.11394,3.36846,11
51.11387,3.36854,11
51.11387,3.36838,11
51.11409,3.36773,12
51.11425,3.36735,11
51.11442,3.36718,12
51.11453,3.36699,11
51.11524,3.36494,12
51.11559,3.36389,12
51.1163,3.36186,12
51.11647,3.36137,12
51.11706,3.3598,13
51.11804,3.35702,13
51.11897,3.35444,11
51.11888,3.35421,11
51.11815,3.35216,11
51.11793,3.35165,11
51.11735,3.35159,11
51.11709,3.3515,11
51.11699,3.35151,11
51.11687,3.35155,11
51.11638,3.35176,12
51.11553,3.35219,12
51.11458,3.35271,14
51.11445,3.35277,14
51.11429,3.35278,15
51.11416,3.35278,15
51.11385,3.35265,15
51.11232,3.35162,15
51.112,3.35106,14
51.11145,3.34973,14
51.11118,3.34928,14
51.11021,3.34777,15
51.11023,3.34771,15
51.11239,3.34391,15
51.10986,3.34082,15
51.11067,3.33807,20
51.10863,3.33588,21
51.10747,3.33456,19
51.10684,3.3338,20
51.10643,3.33267,20
51.10643,3.33258,20
51.10589,3.33113,21
51.10627,3.33082,23
51.10743,3.33004,28
51.10882,3.32909,28
51.1082,3.32644,23
51.10793,3.3253,26
51.1069,3.32083,26
51.10443,3.32058,23
51.10438,3.32051,23
51.10442,3.32044,23
51.10325,3.31654,34
51.1028,3.31495,35
51.1026,3.31439,32
51.102,3.31236,24
51.09975,3.30481,23
51.09941,3.30368,28
51.09941,3.3037,28
51.09916,3.30287,29
51.09933,3.30096,29
51.09948,3.29914,28
51.09796,3.29951,24
51.09795,3.2999,26
51.09793,3.30012,26
51.09787,3.30031,26
51.09773,3.30064,26
51.09694,3.30188,21
51.09649,3.30208,17
51.09629,3.30226,16
51.09611,3.30238,16
51.09589,3.30246,15
51.09573,3.30249,15
51.09559,3.30244,15
51.09543,3.30236,15
51.09531,3.30225,16
51.09526,3.30218,16
51.0952,3.30208,16
51.09521,3.30208,16
51.09513,3.30195,18
51.09508,3.30167,18
51.09508,3.30151,18
51.09509,3.30135,18
51.09512,3.30044,18
51.09513,3.2997,18
51.09505,3.29919,18
51.09502,3.29881,18
51.09497,3.29852,18
51.09497,3.29853,18
51.09484,3.29846,19
51.09466,3.2984,19
51.09455,3.29831,18
51.0946,3.29796,18
51.09483,3.29716,19
51.09488,3.29687,20
51.09482,3.29646,19
51.09479,3.29628,21
51.09475,3.29615,21
51.09375,3.29387,24
51.09374,3.29362,24
51.09368,3.29331,24
51.09361,3.29208,21
51.0937,3.29149,20
51.09394,3.29137,17
51.09577,3.29134,15
51.09577,3.29126,15
51.09628,3.28241,18
51.09628,3.28241,18
51.09701,3.283,19
51.09795,3.28369,19
51.09874,3.27729,20
51.09891,3.27587,20
51.09896,3.27541,20
51.09893,3.27339,18
51.09889,3.27305,17
51.09887,3.27272,15
51.09906,3.27196,13
51.09934,3.27066,13
51.09954,3.26964,14
51.09966,3.26905,15
51.10063,3.26659,15
51.10059,3.26653,15
51.10013,3.26661,14
51.09979,3.26652,14
51.09962,3.26642,13
51.09937,3.26617,11
51.09918,3.26608,10
51.09893,3.26608,9
51.09843,3.26617,10
51.09788,3.2663,10
51.09739,3.2662,11
51.09717,3.26612,11
51.09708,3.26597,12
51.09636,3.26458,13
51.09595,3.2644,14
51.09526,3.26333,12
51.09507,3.26254,12
51.09488,3.26139,12
51.09466,3.261,12
51.09438,3.25964,12
51.09319,3.26021,12
51.09308,3.26022,11
51.09303,3.26012,11
51.09243,3.2572,14
51.09178,3.25409,15
51.09153,3.25289,14
51.09148,3.25273,14
51.0914,3.25264,14
51.091,3.25281,14
51.09093,3.2528,14
51.09089,3.2527,14
51.09054,3.25059,14
51.09059,3.25,14
51.09057,3.24973,14
51.09057,3.24973,14
51.09055,3.24962,13
51.09008,3.24971,14
51.09005,3.24956,13
51.08981,3.24895,13
51.08964,3.24838,13
51.0896,3.24798,12
51.08962,3.2466,12
51.08973,3.24474,12
51.08979,3.24398,13
51.09016,3.2423,12
51.09025,3.2419,12
51.0908,3.24065,12
51.09078,3.24037,12
51.09273,3.24005,12
51.09311,3.23984,12
51.09328,3.23967,12
51.09361,3.23914,12
51.09366,3.23901,12
51.09365,3.23883,12
51.09345,3.23812,12
51.09334,3.23783,12
51.09316,3.2375,12
51.09311,3.23728,12
51.09293,3.23586,11
51.0929,3.2347,12
51.09295,3.23415,12
51.09293,3.23391,12
51.09278,3.23321,13
51.09282,3.23277,14
51.09273,3.23169,14
51.09268,3.23137,12
51.09252,3.23073,12
51.09205,3.22899,12
51.09201,3.22895,12
51.09203,3.22889,13
51.09201,3.22878,13
51.09177,3.22791,13
51.09177,3.22786,13
51.09179,3.22783,13
51.09233,3.22771,13
51.09236,3.22766,13
51.09215,3.22607,13
51.09216,3.22592,12
51.09219,3.22583,12
51.09229,3.22573,13
51.09232,3.22556,13
51.09219,3.22447,14
51.09222,3.22435,14
51.09219,3.22417,14
51.09205,3.22294,13
51.09205,3.22294,13
51.09257,3.22303,14
51.09262,3.22284,13
51.09293,3.2225,14
51.09362,3.22148,14
51.09527,3.21932,12
51.09645,3.21818,13
51.09629,3.21756,13
51.09608,3.21709,12
51.09581,3.21661,12
51.09551,3.21596,11
51.09475,3.21433,11
51.09438,3.21344,11
51.09407,3.21287,11
51.09391,3.21238,11
51.09382,3.21184,12
51.09384,3.21173,12
51.09384,3.21173,12
51.09373,3.21172,12
51.09299,3.21218,11
51.0922,3.21254,11
51.09136,3.21377,10
51.09117,3.21393,10
51.091,3.21411,10
51.0908,3.21445,10
51.09042,3.21501,10
51.09018,3.21528,10
51.08981,3.21543,10
51.0895,3.21551,10
51.08921,3.21556,11
51.0884,3.21441,11
51.0875,3.21272,13
51.08743,3.21251,13
51.08698,3.21189,13
51.08579,3.21331,13
51.08572,3.21337,13
51.08565,3.21335,13
51.0854,3.21309,13
51.08534,3.21307,13
51.08355,3.21524,14
51.08342,3.21533,14
51.08223,3.21542,15
51.08216,3.21547,15
51.08123,3.21645,13
51.07948,3.21852,15
51.07939,3.2185,15
51.0791,3.21763,15
51.0788,3.21703,15
51.07874,3.21698,15
51.07867,3.21698,15
51.07803,3.21749,16
51.07794,3.2175,16
51.07787,3.21743,16
51.0777,3.21686,16
51.07731,3.21612,16
51.0772,3.21599,16
51.07717,3.21587,16
51.07673,3.21472,17
51.07673,3.21458,16
51.07605,3.21294,16
51.07578,3.21223,18
51.07565,3.21175,18
51.07544,3.21081,21
51.07496,3.20968,28
51.07458,3.2085,25
51.07439,3.20808,25
51.0742,3.20778,23
51.07344,3.2071,20
51.07107,3.20552,15
51.06962,3.20456,18
51.06957,3.20442,17
51.06954,3.20364,16
51.06926,3.20377,17
51.0675,3.20408,16
51.06746,3.20412,16
51.06743,3.2042,16
51.06748,3.20527,18
51.06748,3.20551,19
51.06737,3.20553,19
51.06535,3.20497,19
51.06527,3.2049,19
51.06527,3.20476,19
51.06561,3.20195,15
51.06503,3.19745,16
51.06488,3.19683,17
51.06476,3.19646,17
51.06471,3.19637,17
51.06466,3.19632,17
51.06454,3.19632,17
51.06445,3.19637,17
51.06399,3.19681,16
51.06385,3.1951,17
51.06386,3.19481,18
51.06388,3.19456,18
51.06402,3.1937,18
51.06445,3.19297,17
51.06394,3.19182,16
51.06375,3.19125,17
51.06357,3.19058,17
51.0631,3.18768,19
51.06314,3.18732,19
51.06314,3.18732,19
51.06331,3.18744,19
51.06355,3.18754,19
51.06375,3.18758,19
51.06401,3.18755,19
51.06417,3.18611,18
51.06483,3.17934,17
51.06486,3.17918,17
51.06544,3.17795,17
51.06564,3.17747,17
51.06602,3.17647,17
51.06628,3.17522,16
51.06559,3.17438,16
51.06578,3.17419,16
51.06771,3.17073,14
51.06787,3.17049,14
51.06804,3.17032,14
51.06835,3.1702,14
51.06862,3.17009,14
51.06894,3.16986,14
51.06929,3.16953,14
51.06942,3.16937,15
51.06971,3.1689,15
51.07013,3.16811,15
51.07038,3.16754,16
51.07086,3.16621,16
51.07123,3.16494,16
51.07131,3.1645,16
51.07151,3.16291,15
51.07155,3.16267,15
51.07126,3.16242,15
51.07079,3.16194,13
51.06933,3.16035,13
51.06912,3.16007,13
51.06903,3.15993,13
51.06884,3.15944,13
51.06879,3.15925,13
51.06866,3.1586,13
51.06859,3.15813,13
51.06852,3.15703,13
51.06844,3.15636,13
51.06827,3.1553,14
51.06799,3.15393,15
51.0677,3.15278,14
51.06746,3.15203,14
51.0673,3.1516,14
51.06706,3.15105,14
51.06697,3.15077,14
51.06708,3.1507,14
51.06715,3.15069,14
51.06718,3.15078,14
51.06718,3.15094,14
51.06756,3.15179,14
51.0682,3.15163,13
51.06982,3.15119,17
51.07036,3.151,22
51.07046,3.151,22
51.07066,3.15068,22
51.07072,3.15055,22
51.07079,3.15032,22
51.07082,3.1501,22
51.07091,3.14984,22
51.07115,3.14941,24
51.07163,3.14875,24
51.07293,3.14672,26
51.07215,3.14201,25
51.07203,3.14135,25
51.07189,3.14047,26
51.07174,3.13951,27
51.0717,3.13927,27
51.07134,3.13712,23
51.07127,3.13658,23
51.07111,3.13558,20
51.07102,3.13516,19
51.07138,3.13473,19
51.07236,3.13391,23
51.07304,3.13334,26
51.07329,3.13321,26
51.07394,3.13318,25
51.07429,3.13325,23
51.07453,3.13338,21
51.07529,3.13472,22
51.07588,3.13575,22
51.07626,3.13694,22
51.07633,3.13708,22
51.07646,3.13728,22
51.07656,3.13738,22
51.07699,3.13765,22
51.07761,3.13795,22
51.07759,3.13829,22
51.0776,3.13849,22
51.07765,3.13866,23
51.07767,3.13867,23
51.07773,3.13883,24
51.07775,3.13883,23
51.07784,3.13894,23
51.07799,3.139,23
51.07808,3.139,23
51.07859,3.13876,27
51.07882,3.13868,28
51.07883,3.13868,28
51.07893,3.1387,28
51.07905,3.13876,28
51.0793,3.1391,27
51.07955,3.13962,29
51.07992,3.14074,27
51.07999,3.14085,27
51.08005,3.14086,28
51.08015,3.14083,28
51.08138,3.14009,31
51.08149,3.14085,31
51.08369,3.14223,30
51.08449,3.14267,29
51.08602,3.14338,28
51.08619,3.14341,28
51.08648,3.14335,28
51.08666,3.14331,28
51.08706,3.14313,27
51.09029,3.14534,24
51.09072,3.1444,25
51.09086,3.14429,25
51.09094,3.14421,25
51.09104,3.14399,24
51.09176,3.14225,24
51.09229,3.14266,22
51.09307,3.1396,22
51.0935,3.13796,21
51.09391,3.1364,21
51.09726,3.12928,22
51.09729,3.1292,22
51.09608,3.12812,22
51.09696,3.12676,23
51.09761,3.12593,24
51.09839,3.12494,25
51.09846,3.12483,25
51.09846,3.12465,25
51.09842,3.12454,25
51.09782,3.12372,25
51.0978,3.12357,25
51.09772,3.12354,25
51.0976,3.12331,24
51.09645,3.12046,26
51.09627,3.11978,27
51.09613,3.11915,27
51.09593,3.11815,28
51.09594,3.11804,28
51.09596,3.11795,28
51.09612,3.11766,28
51.09615,3.11756,28
51.09614,3.11747,28
51.09528,3.11542,29
51.09477,3.11463,30
51.09359,3.11279,30
51.09279,3.1116,30
51.09232,3.11106,31
51.09142,3.11014,31
51.09134,3.11,31
51.09204,3.10906,30
51.09213,3.10897,30
51.09219,3.10895,30
51.09227,3.10895,30
51.09239,3.10903,30
51.09276,3.10957,30
51.09285,3.10965,30
51.09294,3.10967,30
51.09305,3.10963,30
51.09316,3.10953,30
51.09372,3.10881,29
51.09447,3.10774,29
51.0953,3.106,28
51.09541,3.10582,28
51.09552,3.10569,28
51.09645,3.10478,27
51.09659,3.10473,27
51.09675,3.10474,27
51.09681,3.10476,26
51.09691,3.10468,26
51.09698,3.10455,26
51.09706,3.10441,26
51.09673,3.10426,27
51.09666,3.10399,27
51.09625,3.10255,28
51.09504,3.09846,32
51.09252,3.08987,28
51.09252,3.08987,28
51.09365,3.08892,32
51.09352,3.08864,33
51.09376,3.08841,33
51.09389,3.08819,33
51.09402,3.08791,34
51.09411,3.08746,35
51.0941,3.08699,36
51.09406,3.08668,36
51.09391,3.08621,37
51.09381,3.08593,37
51.09367,3.08556,37
51.09356,3.08525,37
51.09347,3.08515,37
51.09314,3.08493,36
51.09303,3.08495,36
51.09264,3.08473,35
51.09248,3.08461,36
51.09238,3.08437,37
51.09203,3.08291,39
51.09042,3.07632,35
51.09027,3.07582,36
51.0889,3.07248,37
51.08872,3.07275,37
51.08851,3.07295,37
51.08832,3.07307,36
51.08691,3.07377,35
51.08675,3.07381,35
51.08613,3.07521,35
51.0834,3.08165,35
51.08263,3.07724,34
51.0814,3.07852,35
51.08119,3.07868,35
51.08113,3.07791,35
51.08108,3.07768,34
51.08096,3.0773,34
51.08097,3.07573,34
51.08093,3.07535,34
51.08038,3.07374,34
51.0801,3.07298,33
51.07986,3.07215,33
51.0798,3.07154,33
51.07975,3.07148,33
51.07905,3.07154,32
51.07896,3.07145,32
51.0789,3.07004,34
51.07878,3.06936,34
51.0787,3.06832,33
51.07836,3.06779,33
51.07821,3.06738,33
51.07819,3.06709,33
51.07859,3.06264,34
51.07859,3.06264,34
51.07849,3.06267,34
51.07829,3.06283,34
51.07815,3.06298,34
51.07793,3.06257,34
51.07774,3.06208,33
51.07767,3.06153,31
51.07756,3.06091,31
51.0773,3.05911,29
51.0773,3.05886,29
51.07712,3.05022,27
51.07566,3.05033,26
51.07285,3.05053,29
51.0718,3.05062,31
51.06997,3.05071,35
51.06896,3.05081,33
51.06727,3.05095,32
51.06641,3.051,32
51.06567,3.05105,30
51.06276,3.05138,25
51.06276,3.05138,25
51.06306,3.05541,19
51.06242,3.05551,18
51.06034,3.05558,15
51.06025,3.05463,14
51.06003,3.05329,14
51.06016,3.05243,14
51.06018,3.05237,14
51.06007,3.05095,15
51.0601,3.05007,15
51.06001,3.0491,15
51.06003,3.04758,16
51.05999,3.0474,16
51.06002,3.04721,16
51.06037,3.04573,16
51.06049,3.04549,16
51.0606,3.0454,16
51.06077,3.04533,16
51.06085,3.04527,16
51.0609,3.04518,16
51.06089,3.04501,16
51.06057,3.04319,16
51.05943,3.03769,16
51.0593,3.03714,15
51.05881,3.03588,16
51.0587,3.03546,17
51.05868,3.03536,17
51.05863,3.03525,17
51.05856,3.03523,17
51.05847,3.03525,17
51.05833,3.03535,17
51.05825,3.03549,17
51.05715,3.03626,17
51.0568,3.0365,16
51.05661,3.03658,16
51.05645,3.03656,16
51.05622,3.03647,16
51.0555,3.036,16
51.05468,3.03568,14
51.05355,3.03515,15
51.05375,3.03207,16
51.05381,3.02998,15
51.05373,3.02831,15
51.05359,3.02756,15
51.05351,3.0256,15
51.05342,3.02488,15
51.05291,3.02304,16
51.05476,3.02194,19
51.05492,3.02177,19
51.0556,3.02072,19
51.05601,3.02047,19
51.05819,3.02005,19
51.05854,3.02,19
51.05898,3.0198,20
51.05912,3.01984,20
51.05965,3.0201,20
51.06029,3.02015,20
51.06057,3.02008,21
51.06074,3.02004,21
51.061,3.01999,21
51.06156,3.02001,22
51.06177,3.01998,23
51.06193,3.01993,23
51.0622,3.01987,23
51.06381,3.01993,25
51.06506,3.01991,23
51.06649,3.01952,24
51.06673,3.01964,24
51.06741,3.01951,25
51.06968,3.01909,36
51.0708,3.01884,40
51.07196,3.01762,44
51.07086,3.01615,42
51.06999,3.01454,41
51.06983,3.01426,41
51.06939,3.0132,39
51.0692,3.01289,38
51.069,3.01253,38
51.06893,3.01228,37
51.06881,3.01163,37
51.06876,3.00997,31
51.06847,3.00964,29
51.06839,3.00961,29
51.0681,3.00958,29
51.06796,3.00929,29
51.06756,3.00867,25
51.06684,3.00793,22
51.06621,3.0071,20
51.06555,3.00624,20
51.06444,3.00505,19
51.06667,3.00159,18
51.06709,3.00089,18
51.06731,3.00061,18
51.06763,3.00013,18
51.06681,2.99785,16
51.06681,2.99785,16
51.06541,2.9942,15
51.06525,2.99424,15
51.0652,2.99422,15
51.06506,2.99393,14
51.06459,2.99322,14
51.06448,2.99299,15
51.06419,2.9922,15
51.06336,2.99033,15
51.0634,2.99024,15
51.06489,2.98894,17
51.06608,2.98794,17
51.06624,2.98779,17
51.06644,2.98754,16
51.06655,2.98746,17
51.06663,2.98752,17
51.06667,2.98759,17
51.06687,2.98805,17
51.06728,2.98876,17
51.06733,2.9888,17
51.06739,2.98878,17
51.06757,2.98858,17
51.06789,2.98822,18
51.06802,2.98815,18
51.06825,2.98806,18
51.06891,2.9876,19
51.06813,2.98455,19
51.0681,2.98434,19
51.06805,2.984,19
51.06776,2.98274,19
51.06763,2.98245,18
51.06755,2.98213,19
51.06745,2.9816,19
51.0674,2.98103,18
51.06724,2.98057,18
51.06708,2.98022,17
51.06684,2.97978,17
51.06595,2.9776,17
51.06556,2.97666,17
51.06546,2.97635,17
51.06548,2.97595,17
51.06558,2.97568,17
51.06573,2.97547,17
51.06583,2.9753,17
51.06585,2.97507,17
51.06584,2.97489,17
51.06565,2.97443,16
51.06563,2.97416,16
51.06589,2.97327,17
51.06627,2.97136,17
51.06636,2.97124,17
51.06645,2.97118,17
51.06671,2.97112,17
51.06677,2.97111,17
51.06688,2.97102,17
51.06692,2.97091,17
51.06691,2.97056,17
51.06683,2.96942,18
51.06694,2.96914,18
51.06709,2.96896,18
51.06718,2.96875,20
51.06722,2.96855,20
51.06716,2.9653,24
51.06905,2.96527,22
51.0695,2.96805,25
51.0697,2.96941,24
51.07145,2.96875,25
51.0738,2.96776,21
51.07304,2.96517,20
51.07351,2.96453,19
51.07469,2.96314,16
51.07632,2.96126,14
51.07608,2.96019,15
51.07442,2.95347,22
51.07681,2.9519,18
51.07927,2.95023,18
51.08027,2.94956,12
51.08001,2.9483,12
51.07967,2.9477,13
51.07952,2.94735,14
51.07938,2.94717,14
51.07908,2.94699,15
51.07897,2.94684,15
51.07769,2.94448,15
51.07769,2.94448,15
51.07705,2.94333,15
51.077,2.94306,15
51.07726,2.94157,13
51.07726,2.94126,13
51.07723,2.94113,13
51.07671,2.93907,14
51.0764,2.93785,14
51.07586,2.93549,14
51.07572,2.93511,14
51.07552,2.93469,14
51.07543,2.93446,14
51.07534,2.93416,14
51.07471,2.93142,17
51.07457,2.93078,16
51.07343,2.92882,18
51.0733,2.92858,18
51.07295,2.92777,18
51.07287,2.92785,18
51.07286,2.92776,18
51.0731,2.92743,18
51.07327,2.9273,17
51.07333,2.92722,17
51.07344,2.92694,16
51.07344,2.92678,16
51.07329,2.9263,15
51.07307,2.92571,15
51.07286,2.9256,16
51.07256,2.92571,17
51.07235,2.92558,17
51.07224,2.9256,17
51.07213,2.92553,15
51.07207,2.92546,16
51.07163,2.92569,19
51.07136,2.92584,20
51.0714,2.9261,21
51.07138,2.9264,22
51.0713,2.9267,23
51.07109,2.92704,23
51.07196,2.92885,22
51.0717,2.92915,23
51.0696,2.93185,14
51.0665,2.93562,15
51.06622,2.93576,15
51.06619,2.9359,15
51.06598,2.93631,16
51.06569,2.93666,16
51.06521,2.93725,16
51.06497,2.93751,16
51.06357,2.9337,15
51.06296,2.93141,16
51.06261,2.92962,15
51.06202,2.93044,15
51.06173,2.93078,14
51.06158,2.93083,14
51.06142,2.93076,14
51.06121,2.93052,14
51.06107,2.9305,13
51.06094,2.93061,13
51.06083,2.93089,13
51.06056,2.93186,14
51.0605,2.93214,14
51.06046,2.93222,14
51.0604,2.93232,14
51.06026,2.93241,14
51.0585,2.93283,12
51.05806,2.93308,12
51.05751,2.93336,11
51.05684,2.93354,10
51.0564,2.93373,10
51.05622,2.93378,10
51.05565,2.93379,10
51.05548,2.93256,10
51.05541,2.93229,10
51.05527,2.93202,10
51.05508,2.93175,9
51.05458,2.93114,9
51.05442,2.93082,9
51.05417,2.9305,8
51.05398,2.9303,8
51.054,2.93011,8
51.05499,2.92848,8
51.05507,2.9283,8
51.05585,2.92757,8
51.05587,2.92744,8
51.05561,2.92707,8
51.05564,2.92697,8
51.05576,2.92683,8
51.05584,2.92664,8
51.05598,2.92622,8
51.05616,2.92646,8
51.05621,2.92643,8
51.05704,2.92481,10
51.0571,2.9246,10
51.05782,2.92328,10
51.05816,2.9225,11
51.05834,2.92198,11
51.05796,2.92183,12
51.05758,2.92176,11
51.05686,2.92177,11
51.05644,2.92186,10
51.05623,2.92181,10
51.05588,2.92147,8
51.05514,2.92055,7
51.0547,2.92007,6
51.05438,2.91987,7
51.05415,2.91965,7
51.05402,2.91968,7
51.05352,2.92023,7
51.05337,2.9203,7
51.05326,2.92022,7
51.0531,2.92005,7
51.0527,2.919,7
51.05246,2.91817,7
51.05166,2.91921,6
51.05158,2.91922,6
51.05076,2.92053,4
51.05058,2.92065,4
51.05049,2.92044,4
51.05038,2.92027,4
51.05012,2.92006,4
51.04964,2.92008,4
51.04944,2.9199,3
51.04883,2.91938,2
51.04767,2.91899,2
51.04744,2.91881,2
51.04735,2.91881,2
51.0472,2.91891,3
51.047,2.91912,3
51.04692,2.91913,3
51.04658,2.91914,4
51.04666,2.91783,3
51.04664,2.91761,3
51.0466,2.91745,2
51.04655,2.9173,2
51.04641,2.91699,2
51.04634,2.91679,2
51.04636,2.91633,1
51.04629,2.91614,1
51.04629,2.91614,1
51.04609,2.9163,1
51.04583,2.91661,2
51.04538,2.91731,3
51.04462,2.91857,3
51.0444,2.91833,3
51.04432,2.91824,3
51.04369,2.9165,2
51.04329,2.91562,2
51.04296,2.91497,2
51.0428,2.91462,1
51.04227,2.91323,1
51.04224,2.91309,1
51.03575,2.91082,0
51.0355,2.91065,0
51.03536,2.91045,0
51.03536,2.91045,0
51.03556,2.90984,0
51.03565,2.90963,0
51.03575,2.9095,0
51.03613,2.90928,0
51.03637,2.90906,0
51.03838,2.89165,0
51.03856,2.88973,0
51.03885,2.88709,0
51.03922,2.88346,0
51.03924,2.88251,0
51.03936,2.88191,0
51.04022,2.87866,1
51.0407,2.87704,1
51.04097,2.87638,1
51.04116,2.87601,0
51.04073,2.87263,0
51.0406,2.87253,0
51.0403,2.87241,0
51.03998,2.87223,0
51.03954,2.87189,0
51.03897,2.87139,1
51.03864,2.87097,0
51.03819,2.87027,0
51.03798,2.8698,0
51.03784,2.86936,0
51.03778,2.86883,0
51.03773,2.86834,1
51.03799,2.86691,2
51.03804,2.86625,2
51.03808,2.86607,1
51.03806,2.86585,1
51.03788,2.86567,2
51.03768,2.8656,2
51.03703,2.86569,3
51.03662,2.86569,4
51.03654,2.86567,4
51.03643,2.86561,4
51.03628,2.86559,5
51.03613,2.86559,6
51.036,2.86552,6
51.03583,2.86555,6
51.03583,2.86577,6
51.03586,2.866,6
51.03604,2.86661,5
51.03564,2.86666,7
51.03564,2.86687,7
51.03561,2.86699,7
51.03556,2.86711,7
51.03542,2.86731,7
51.03535,2.86744,7
51.03534,2.86751,7
51.03534,2.8676,7
51.03525,2.8676,7
51.0352,2.86753,8
51.03512,2.8675,8
51.03498,2.86738,9
51.03485,2.86737,9
51.03473,2.86739,9
51.03458,2.86752,9
51.03446,2.86751,9
51.03443,2.86747,9
51.0343,2.86749,9
51.03409,2.86748,9
51.03402,2.86734,9
51.03381,2.8674,9
51.03368,2.86744,9
51.03367,2.86727,10
51.03363,2.86714,10
51.03327,2.86582,10
51.03338,2.86577,10
51.03355,2.86576,10
51.03347,2.86475,10
51.03339,2.8638,9
51.03386,2.8639,9
51.03421,2.86394,9
51.03446,2.86398,7
51.03462,2.86405,7
51.03475,2.86415,7
51.03498,2.86381,7
51.03502,2.86389,6
51.0351,2.86374,6
51.03501,2.86356,6
51.03493,2.86329,6
51.03489,2.863,6
51.03495,2.86245,4
51.03491,2.86221,4
51.03458,2.86109,2
51.03444,2.86086,2
51.03394,2.86027,2
51.0339,2.86027,2
51.03369,2.85982,2
51.0337,2.85965,2
51.03374,2.85957,2
51.03392,2.85975,2
51.0341,2.85946,2
51.03455,2.85889,0
51.03475,2.8586,1
51.03486,2.85839,1
51.03497,2.85818,1
51.03524,2.85746,0
51.03535,2.85726,0
51.0359,2.85639,1
51.03603,2.85614,1
51.03609,2.85587,1
51.0361,2.85563,1
51.03584,2.85567,1
51.03577,2.85543,1
51.03565,2.85529,1
51.03557,2.85527,1
51.03551,2.85526,1
51.03548,2.85533,1
51.03497,2.85556,2
51.03473,2.85556,2
51.03386,2.85538,2
51.03334,2.8552,3
51.03337,2.85502,3
51.03341,2.8545,3
51.03342,2.85439,3
51.03345,2.85428,3
51.03374,2.85445,2
51.03385,2.85451,2
51.03385,2.85452,2
51.03383,2.85458,2
51.03349,2.85455,3
51.03339,2.85452,3
51.03332,2.85449,3
51.03302,2.85432,3
51.03302,2.85424,3
51.03282,2.85415,3
51.03252,2.85412,3
51.03183,2.85414,3
51.03106,2.85432,3
51.03019,2.85425,2
51.02937,2.8541,1
51.0279,2.85069,0
51.02765,2.85125,0
51.02638,2.85097,0
51.02603,2.85171,1
51.02599,2.85198,1
51.02586,2.85197,1
51.02583,2.8519,1
51.02571,2.85187,1
51.02556,2.85188,1
51.02496,2.85122,0
51.02262,2.85024,0
51.02234,2.84978,0
51.02045,2.8484,0
51.01981,2.84833,1
51.0195,2.84842,1
51.01924,2.8486,1
51.01889,2.84898,1
51.01848,2.84946,1
51.01813,2.84965,1
51.0177,2.84976,1
51.01741,2.84975,0
51.01734,2.84971,0
51.01711,2.84962,0
51.0168,2.84934,0
51.01645,2.8489,0
51.01555,2.84761,0
51.01615,2.8465,0
51.01641,2.84584,1
51.01647,2.84537,1
51.01642,2.84484,1
51.0164,2.84463,1
51.01631,2.84431,1
51.01602,2.84382,1
51.01601,2.84361,1
51.01752,2.84053,1
51.01757,2.84021,1
51.0176,2.83951,0
51.0176,2.83931,0
51.01754,2.83915,0
51.01687,2.83828,1
51.01683,2.83816,1
51.01683,2.838,1
51.01698,2.83757,0
51.01699,2.83732,0
51.01672,2.83697,1
51.01667,2.83683,1
51.01649,2.83417,2
51.01634,2.83379,2
51.01598,2.8335,2
51.01519,2.83252,0
51.01512,2.83244,0
51.01512,2.83226,0
51.01407,2.82915,0
51.01405,2.82883,0
51.01304,2.82442,0
51.01271,2.82364,0
51.01243,2.82305,0
51.01226,2.82261,0
51.01214,2.82237,0
51.01202,2.82224,0
51.01109,2.82162,0
51.01084,2.82129,0
51.00944,2.81455,0
51.0091,2.81309,0
51.00911,2.81283,0
51.00872,2.81265,0
51.00832,2.81265,0
51.00809,2.81271,0
51.00798,2.81276,0
51.00773,2.81317,0
51.00761,2.8133,0
51.0073,2.81355,0
51.0072,2.81359,0
51.0071,2.81361,0
51.00689,2.81355,0
51.00668,2.81338,1
51.00637,2.81332,1
51.0061,2.81335,1
51.00552,2.81365,1
51.00545,2.81366,1
51.00497,2.81351,0
51.00478,2.81339,0
51.00455,2.81317,0
51.00126,2.80443,0
51.00126,2.80416,0
51.0014,2.80405,0
51.0011,2.80226,0
51.00093,2.80137,0
51.00083,2.80129,0
51.0004,2.80099,0
50.99993,2.80049,1
50.99935,2.79978,1
50.9991,2.80028,1
50.99904,2.80054,1
50.99238,2.80559,0
50.99202,2.80566,0
50.98468,2.81717,0
50.98504,2.81737,0
50.99277,2.83228,0
50.99035,2.83745,0
50.98998,2.83821,0
50.9898,2.83842,0
50.98929,2.83875,1
50.98903,2.83899,1
50.98878,2.83918,2
50.98855,2.83966,1
50.98854,2.8407,2
50.98851,2.84076,2
50.98857,2.84092,2
50.98867,2.84111,2
50.98868,2.84121,2
50.98857,2.84166,2
50.98841,2.84194,2
50.98838,2.84213,2
50.98829,2.84248,2
50.98821,2.84263,2
50.98781,2.84321,1
50.98773,2.84332,1
50.98763,2.84333,1
50.9875,2.84333,1
50.98756,2.84399,1
50.98766,2.84425,1
50.98767,2.84432,1
50.98683,2.84577,1
50.98677,2.84598,1
50.98649,2.84642,1
50.98562,2.84791,1
50.98525,2.84817,0
50.98498,2.84764,1
50.98495,2.84743,1
50.98501,2.84718,2
50.98516,2.84705,2
50.98519,2.84698,2
50.98516,2.84684,2
50.98414,2.84552,1
50.98407,2.84556,1
50.98388,2.84592,1
50.98292,2.84454,3
50.98266,2.84528,2
50.98238,2.84624,1
50.9821,2.84693,1
50.98203,2.84719,1
50.9817,2.84748,1
50.98128,2.84768,1
50.98111,2.84789,2
50.98003,2.84828,3
50.97946,2.84842,3
50.97935,2.84829,3
50.97794,2.84887,2
50.97793,2.84899,2
50.97767,2.84901,2
50.9771,2.84914,1
50.97679,2.84919,1
50.97656,2.8492,1
50.97562,2.84878,1
50.97513,2.8486,1
50.97458,2.84856,1
50.9742,2.8486,1
50.9733,2.84839,1
50.97203,2.84823,1
50.97193,2.84818,1
50.97179,2.84784,1
50.97148,2.84712,1
50.97141,2.84708,1
50.97125,2.84721,1
50.97053,2.84779,1
50.97036,2.84789,2
50.97019,2.84797,2
50.96941,2.84647,2
50.9694,2.84649,2
50.96916,2.84685,2
50.96903,2.84707,2
50.96885,2.84752,2
50.96836,2.84655,2
50.96789,2.84563,2
50.96766,2.84519,2
50.96714,2.84415,2
50.96676,2.84337,3
50.96628,2.8423,3
50.96611,2.84208,3
50.96566,2.84159,3
50.9654,2.84117,3
50.96466,2.83937,4
50.96453,2.83908,4
50.96371,2.83777,4
50.96395,2.83748,4
50.96383,2.83712,4
50.96341,2.83567,4
50.96335,2.83556,4
50.96325,2.83513,3
50.96283,2.8338,2
50.96256,2.83291,2
50.96213,2.83148,2
50.96148,2.8294,1
50.96067,2.82676,0
50.95992,2.82432,0
50.95965,2.82352,0
50.95904,2.82222,1
50.95893,2.82246,2
50.95874,2.82305,1
50.95864,2.82314,1
50.95878,2.82374,1
50.95877,2.82384,1
50.95864,2.82392,1
50.9573,2.82543,1
50.95692,2.82576,0
50.95627,2.82618,1
50.95598,2.82643,1
50.95491,2.82725,1
50.95464,2.8274,0
50.95437,2.82749,1
50.95405,2.8275,1
50.9534,2.82738,1
50.95304,2.82742,1
50.95224,2.82761,1
50.95168,2.82769,1
50.95009,2.82721,0
50.95009,2.82721,0
50.94957,2.82702,0
50.94895,2.82682,1
50.94812,2.82667,1
50.94798,2.82673,1
50.94693,2.82651,0
50.94607,2.82647,0
50.94589,2.82651,0
50.94336,2.8282,1
50.9424,2.8289,1
50.94,2.83048,1
50.93997,2.83058,1
50.93934,2.83088,1
50.93892,2.83103,1
50.93849,2.83114,1
50.93736,2.83145,2
50.93677,2.83162,2
50.93643,2.83178,3
50.93527,2.83229,2
50.93509,2.83243,1
50.9349,2.8325,1
50.93483,2.8326,1
50.9343,2.83304,2
50.93385,2.83336,2
50.93192,2.83472,2
50.93039,2.8358,1
50.92953,2.83648,2
50.92891,2.83692,4
50.92874,2.83697,4
50.92866,2.83704,4
50.92815,2.83714,4
50.92783,2.83725,4
50.92767,2.83729,3
50.92718,2.83752,2
50.92582,2.83834,2
50.92549,2.8386,2
50.92508,2.83908,1
50.92453,2.83979,1
50.92409,2.84022,2
50.92369,2.84054,2
50.92302,2.84093,3
50.92219,2.84135,2
50.92155,2.84162,2
50.92126,2.84183,2
50.92112,2.84196,2
50.921,2.84218,2
50.92042,2.84339,2
50.92017,2.84384,2
50.92012,2.84401,3
50.92005,2.8441,3
50.92006,2.84412,3
50.91997,2.84423,3
50.91975,2.84435,3
50.91968,2.84433,3
50.9189,2.84501,3
50.91826,2.84585,3
50.91789,2.84632,3
50.91757,2.84664,4
50.91721,2.84693,4
50.91646,2.84727,4
50.91625,2.84732,4
50.91533,2.84737,4
50.91494,2.84743,5
50.91475,2.84757,6
50.91412,2.84797,5
50.9134,2.84842,4
50.91319,2.84851,4
50.91268,2.84862,4
50.91243,2.84857,4
50.91183,2.84841,4
50.91168,2.84848,4
50.91095,2.84923,5
50.91046,2.84939,5
50.91026,2.84954,5
50.91023,2.84959,5
50.91028,2.84998,5
50.9103,2.8501,5
50.9103,2.8501,5
50.91062,2.85002,5
50.91062,2.85017,5
50.91057,2.8503,5
50.91035,2.85053,6
50.91041,2.85073,6
50.9104,2.85084,6
50.91029,2.85096,6
50.91033,2.85132,7
50.91011,2.85201,8
50.90985,2.85242,8
50.90928,2.85107,8
50.9092,2.85079,8
50.90903,2.85087,9
50.90897,2.85087,9
50.90887,2.85083,9
50.90887,2.85073,9
50.90883,2.85063,9
50.90876,2.85056,9
50.90854,2.85058,9
50.90843,2.85065,9
50.90835,2.85074,9
50.90822,2.85069,9
50.90807,2.85078,9
50.90794,2.85089,9
50.90776,2.85088,9
50.90765,2.85072,9
50.90758,2.85069,9
50.90751,2.85071,9
50.90737,2.85074,9
50.90712,2.85084,9
50.90709,2.85083,9
50.90701,2.85082,9
50.90696,2.85086,9
50.90689,2.85088,9
50.90677,2.85089,9
50.90668,2.85091,9
50.90659,2.85089,9
50.90646,2.85097,9
50.90636,2.85095,9
50.90629,2.85099,9
50.9062,2.851,9
50.90605,2.85104,8
50.90601,2.85102,8
50.90589,2.85111,8
50.90572,2.85112,8
50.90552,2.85124,8
50.90545,2.85119,8
50.90529,2.85131,8
50.9052,2.85134,8
50.90508,2.85144,9
50.90498,2.85144,9
50.90486,2.85154,9
50.9047,2.8517,10
50.90459,2.85175,9
50.90438,2.85197,9
50.90425,2.85205,10
50.90423,2.85213,10
50.90409,2.8523,10
50.90397,2.85252,10
50.90384,2.85258,10
50.90363,2.85274,10
50.90335,2.85293,10
50.9032,2.85291,10
50.90265,2.85343,10
50.90259,2.85352,10
50.90242,2.85368,10
50.90151,2.85449,9
50.90143,2.85447,9
50.90137,2.8545,9
50.90131,2.85459,9
50.90124,2.85466,9
50.9012,2.85469,9
50.90116,2.8547,9
50.90114,2.85466,9
50.90102,2.85484,9
50.90098,2.85484,9
50.90094,2.85486,9
50.9009,2.85492,9
50.90085,2.85493,10
50.90079,2.85495,10
50.90071,2.85511,10
50.9006,2.85518,10
50.90056,2.8553,10
50.9005,2.85534,10
50.90026,2.85563,10
50.89988,2.85629,9
50.89913,2.85766,8
50.89813,2.85945,7
50.89747,2.86066,7
50.89664,2.86225,8
50.8962,2.86295,8
50.89614,2.86286,8
50.89593,2.86248,9
50.89592,2.86245,9
50.89588,2.86238,9
50.89586,2.86228,9
50.89576,2.86209,9
50.89539,2.86258,9
50.89524,2.86248,9
50.89524,2.86239,9
50.8951,2.86212,9
50.89483,2.86179,9
50.89477,2.86174,9
50.89471,2.86169,9
50.89388,2.86076,9
50.89316,2.86198,9
50.8929,2.86164,9
50.8926,2.86127,10
50.8923,2.86185,10
50.89173,2.86087,10
50.89092,2.85979,10
50.89011,2.85897,10
50.88894,2.85826,10
50.88777,2.85795,10
50.88634,2.85817,12
50.88612,2.85825,12
50.88404,2.85886,13
50.88357,2.859,13
50.87959,2.86013,12
50.87738,2.86075,13
50.87651,2.861,13
50.87556,2.86129,13
50.8755,2.8613,13
50.87446,2.86173,14
50.87162,2.86344,16
50.87135,2.8636,16
50.86874,2.86515,18
50.86883,2.86554,18
50.869,2.86623,17
50.86932,2.86734,16
50.87,2.8691,14
50.8702,2.86943,14
50.87073,2.87075,13
50.87118,2.8718,11
50.87125,2.87197,11
50.87137,2.87235,11
50.87155,2.87305,12
50.87157,2.87313,12
50.8718,2.87292,12
50.87187,2.87291,12
50.87193,2.87292,12
50.87198,2.87299,12
50.87206,2.8731,12
50.87228,2.87294,12
50.87227,2.87312,12
50.87213,2.8734,13
50.87197,2.87351,13
50.87193,2.87357,13
50.87189,2.87368,13
50.87174,2.87378,12
50.87001,2.87517,13
50.86909,2.8759,12
50.86833,2.8765,11
50.8667,2.87772,11
50.86577,2.87841,11
50.8652,2.87884,11
50.86342,2.88018,12
50.86101,2.88203,13
50.86063,2.88228,12
50.86044,2.88233,12
50.8603,2.88232,12
50.86024,2.8823,12
50.85989,2.88196,13
50.85975,2.88179,12
50.85945,2.88135,13
50.85913,2.88087,14
50.85903,2.88075,15
50.85881,2.88051,15
50.85868,2.88037,15
50.85843,2.88022,16
50.85821,2.88012,16
50.85809,2.88009,17
50.85795,2.88011,16
50.85778,2.88007,16
50.8575,2.87999,16
50.85719,2.87984,16
50.85706,2.87976,16
50.85693,2.87966,16
50.85674,2.87938,16
50.85668,2.87941,16
50.85655,2.87966,16
50.85652,2.87962,16
50.85649,2.87974,16
50.85642,2.87988,16
50.85605,2.88021,16
50.85531,2.88091,17
50.85604,2.88345,16
50.85632,2.8845,16
50.85567,2.88501,18
50.85555,2.88506,18
50.85542,2.88507,18
50.85546,2.88599,17
50.85541,2.8861,17
50.85543,2.88663,17
50.85554,2.88889,20
50.85529,2.88892,20
50.85532,2.89009,20
50.85535,2.89035,20
50.85526,2.89041,20
50.85507,2.89035,21
50.85505,2.89039,21
50.85505,2.89065,21
50.85499,2.89085,21
50.85479,2.89092,21
50.85455,2.89095,21
50.85435,2.89093,22
50.85424,2.89088,22
50.85414,2.8909,23
50.85404,2.8909,23
50.85394,2.89076,23
50.85387,2.89062,23
50.85382,2.89054,23
50.85376,2.8905,23
50.8537,2.8905,23
50.85337,2.89058,24
50.85293,2.89068,24
50.85288,2.89059,24
50.85284,2.89054,24
50.8528,2.89052,24
50.85249,2.89052,23
50.85245,2.89049,23
50.85238,2.89046,23
50.85205,2.89062,23
50.85211,2.89106,23
50.85195,2.89111,23
50.85151,2.8913,23
50.85145,2.89132,23
50.85124,2.89142,23
50.85118,2.89158,24
50.85114,2.89162,24
50.85095,2.89169,24
50.85075,2.89174,25
50.85017,2.89176,25
50.85005,2.89174,25
50.84992,2.89168,26
50.84977,2.89165,26
50.84972,2.89173,27
50.84968,2.89174,26
50.84935,2.89174,25
50.84929,2.89172,25
50.84927,2.89169,25
50.84923,2.89159,25
50.84919,2.8914,25
50.84909,2.89131,24
50.84904,2.89131,24
50.84888,2.89133,24
50.8484,2.8914,24
50.84816,2.89147,24
50.84762,2.89164,25
50.84762,2.89196,25
50.8476,2.89201,25
50.84721,2.89224,25
50.847,2.89233,25
50.84685,2.89232,25
50.84672,2.89229,25
50.84655,2.89217,25
50.84649,2.89214,25
50.84643,2.89185,25
50.84632,2.89179,25
50.8462,2.89177,24
50.84582,2.89181,23
50.84541,2.89177,23
50.84531,2.89177,23
50.84522,2.89181,23
50.84494,2.89147,22
50.84487,2.89139,22
50.8446,2.89117,21
50.84458,2.89076,21
50.84455,2.89065,21
50.84438,2.89046,21
50.84434,2.89035,21
50.84443,2.88979,20
50.84447,2.88973,20
50.84449,2.88987,20
50.84445,2.89029,20
50.84434,2.89025,20
50.84357,2.88983,20
50.8434,2.89059,20
50.8434,2.89077,20
50.8434,2.89087,20
50.84349,2.89133,21
50.84355,2.89177,21
50.84361,2.89194,21
50.84371,2.89209,21
50.84366,2.89222,21
50.84329,2.89243,20
50.84327,2.89241,20
50.84329,2.89143,20
50.84323,2.8908,20
50.8431,2.89071,20
50.8431,2.89065,20
50.84318,2.89044,20
50.84318,2.89041,20
50.8431,2.89046,20
50.84299,2.89046,20
50.84295,2.89047,20
50.84295,2.89041,20
50.84286,2.89043,20
50.84269,2.89044,20
50.84264,2.89011,19
50.84258,2.88994,19
50.84237,2.88983,19
50.84239,2.88963,19
50.84239,2.88952,19
50.84235,2.88946,19
50.8422,2.88943,19
50.84071,2.88925,20
50.8392,2.88881,20
50.83905,2.88878,20
50.83891,2.88886,20
50.83882,2.88907,19
50.83876,2.88924,19
50.83868,2.88932,19
50.83858,2.88936,19
50.8383,2.8894,18
50.83765,2.88914,18
50.83751,2.88909,18
50.83728,2.88908,18
50.83706,2.88919,18
50.83687,2.88938,18
50.83672,2.88965,18
50.8367,2.88983,18
50.83681,2.8917,18
50.83683,2.89185,18
50.83692,2.89196,18
50.83738,2.89219,18
50.83784,2.89219,18
50.8381,2.89218,17
50.83814,2.89221,17
50.83818,2.89227,17
50.83827,2.89462,19
50.83833,2.89488,19
50.83846,2.89541,19
50.83842,2.89757,18
50.8384,2.89842,17
50.83837,2.89929,17
50.8384,2.89946,17
50.83849,2.89954,17
50.83951,2.90022,17
50.83989,2.90047,17
50.84007,2.90054,18
50.84007,2.90064,18
50.84046,2.90296,20
50.84041,2.90314,21
50.84016,2.90353,21
50.84013,2.90366,21
50.8401,2.90388,22
50.84009,2.90411,22
50.83998,2.90425,22
50.83983,2.90436,22
50.8397,2.9043,22
50.83949,2.90429,22
50.83906,2.90429,23
50.83862,2.90432,23
50.83763,2.90459,23
50.83714,2.9047,23
50.83699,2.90474,23
50.83662,2.90484,24
50.83594,2.90867,25
50.83574,2.90981,25
50.83552,2.91124,24
50.83547,2.91295,24
50.83543,2.91422,24
50.83551,2.91624,26
50.83561,2.91861,26
50.83566,2.91874,26
50.83576,2.91887,26
50.83587,2.91896,26
50.83597,2.91902,26
50.83608,2.91901,26
50.83619,2.92212,29
50.83556,2.92215,28
50.83505,2.92224,28
50.83499,2.92219,28
50.83478,2.92225,28
50.83445,2.9224,28
50.83423,2.92178,28
50.83414,2.92162,28
50.83361,2.92204,28
50.83356,2.92209,28
50.8334,2.92218,29
50.83282,2.92257,29
50.83249,2.92278,30
50.83228,2.92292,30
50.8322,2.92266,30
50.8322,2.92256,30
50.83221,2.92206,30
50.8317,2.922,31
50.83147,2.92192,32
50.83138,2.92183,32
50.83126,2.92165,32
50.82881,2.92248,37
50.82873,2.9225,37
50.82869,2.92247,37
50.82863,2.92233,37
50.82821,2.92,41
50.8281,2.92017,41
50.82789,2.92044,41
50.82775,2.92056,41
50.82551,2.92175,51
50.82514,2.92058,49
50.82498,2.91995,47
50.82477,2.91931,45
50.82433,2.91812,41
50.82408,2.91739,40
50.82367,2.91614,37
50.82299,2.91683,42
50.82261,2.91721,48
50.82151,2.91876,55
50.82097,2.91778,54
50.81924,2.9201,62
50.81907,2.91992,63
